{"ticker": "EWG", "country": "Germany", "portfolio": {"SAP.DE": 0.0868, "SIE.DE": 0.0806, "ALV.DE": 0.0706, "BAS.DE": 0.0467, "DAI.DE": 0.0451, "DTE.DE": 0.0418, "BAYN.DE": 0.0398, "DPW.DE": 0.039599999999999996, "IFX.DE": 0.035699999999999996, "ADS.DE": 0.0347, "MUV2.DE": 0.0294, "VNA.DE": 0.027999999999999997, "VOW3.DE": 0.0256, "BMW.DE": 0.0232, "DB1.DE": 0.0225, "EOAN.DE": 0.0207, "DBK.DE": 0.0191, "MRK.DE": 0.0189, "RWE.DE": 0.018000000000000002, "SHL.DE": 0.0121, "ZAL.DE": 0.011699999999999999, "FRE.DE": 0.0115, "SY1.DE": 0.0103, "DTG.DE": 0.0097, "HEN3.DE": 0.0097, "PAH3.DE": 0.0095, "SRT3.DE": 0.009399999999999999, "FME.DE": 0.009300000000000001, "BNR.DE": 0.0088, "DHER.DE": 0.0083, "HNR1.DE": 0.008100000000000001, "1COV.DE": 0.0077, "QGEN.DE": 0.0075, "MTX.DE": 0.0075, "PUM.DE": 0.0075, "HFG.DE": 0.0073, "CON.DE": 0.006999999999999999, "HEI.DE": 0.0069, "BEI.DE": 0.0067, "LEG.DE": 0.0064, "VOW.DE": 0.0062, "ENR.DE": 0.0059, "CBK.DE": 0.005699999999999999, "HEN.DE": 0.0055000000000000005, "KBX.DE": 0.0049, "G1A.DE": 0.0048, "EVK.DE": 0.0046, "KGX.DE": 0.0044, "AFX.DE": 0.0043, "AT1.DE": 0.0040999999999999995, "NEM.DE": 0.0034999999999999996, "G24.DE": 0.0034999999999999996, "LXS.DE": 0.0033, "BMW3.DE": 0.0033, "BC8.DE": 0.0032, "LHA.DE": 0.0031, "RAA.DE": 0.0028000000000000004, "UN01.DE": 0.0028000000000000004, "UTDI.DE": 0.0026, "O2D.DE": 0.002, "FPE3.DE": 0.002}}