{"ticker": "EWI", "country": "Italy", "portfolio": {"ENEL.MI": 0.1515, "ISP.MI": 0.1202, "STLA.MI": 0.09570000000000001, "ENI.MI": 0.0935, "UCG.MI": 0.056900000000000006, "G.MI": 0.04650000000000001, "RACE.MI": 0.0403, "CNHI.MI": 0.0375, "MONC.MI": 0.0334, "SRG.MI": 0.029900000000000003, "TRN.MI": 0.029300000000000003, "EXO.MI": 0.025, "FBK.MI": 0.024900000000000002, "ATL.MI": 0.024700000000000003, "PRY.MI": 0.023, "MB.MI": 0.020499999999999997, "PST.MI": 0.0202, "CPR.MI": 0.018799999999999997, "NEXI.MI": 0.018600000000000002, "TEN.MI": 0.0178, "REC.MI": 0.0167, "AMP.MI": 0.0152, "TIT.MI": 0.0143, "DIA.MI": 0.0116, "INW.MI": 0.011200000000000002}}