{"ticker": "EWO", "country": "Austria", "portfolio": {"EBS.VI": 0.2259, "OMV.VI": 0.1263, "VER.VI": 0.1011, "ANDR.VI": 0.0446, "BG.VI": 0.0437, "WIE.VI": 0.0421, "VOE.VI": 0.042, "RBI.VI": 0.0388, "IIA.VI": 0.035, "LNZ.VI": 0.0277, "CAI.VI": 0.0262, "TKA.VI": 0.0255, "POST.VI": 0.025, "SPI.VI": 0.021400000000000002, "UQA.VI": 0.0212, "ATS.VI": 0.0212, "VIG.VI": 0.0209, "EVN.VI": 0.02, "DOC.VI": 0.0152, "SBO.VI": 0.0118, "PAL.VI": 0.0113, "SEM.VI": 0.0088, "POS.VI": 0.008, "AGR.VI": 0.008, "ZAG.VI": 0.0079, "FACC.VI": 0.0070999999999999995}}