{"ticker": "GREK", "country": "Greece", "portfolio": {"HTO.AT": 0.15259999999999999, "ALPHA.AT": 0.11320000000000001, "EUROB.AT": 0.09939999999999999, "OPAP.AT": 0.0755, "ETE.AT": 0.053399999999999996, "TPEIR.AT": 0.043899999999999995, "PPC.AT": 0.0364, "MYTIL.AT": 0.0326, "GOFPY.AT": 0.0317, "TENERGY.AT": 0.0313, "MOH.AT": 0.030699999999999998, "TITC.AT": 0.0288, "LAMDA.AT": 0.0271, "BELA.AT": 0.027000000000000003, "GEKTERNA.AT": 0.0258, "ELPE.AT": 0.0241, "EYDAP.AT": 0.0208, "SAR.AT": 0.020099999999999996, "ADMIE.AT": 0.019, "ELLAKTOR.AT": 0.0177, "AEGN.AT": 0.0171, "EXAE.AT": 0.0166, "JUMSY.AT": 0.016, "CPLP.AT": 0.0158, "MOHCY.AT": 0.0113, "MYTHY.AT": 0.0106}}