{"ticker": "EWK", "country": "Belgium", "portfolio": {"ABI.BR": 0.2314, "KBC.BR": 0.1052, "UCB.BR": 0.0604, "ARGX.BR": 0.0582, "GBLB.BR": 0.0425, "SOLB.BR": 0.0421, "AGS.BR": 0.0364, "UMI.BR": 0.032799999999999996, "SOF.BR": 0.0316, "WDP.BR": 0.030699999999999998, "ACKB.BR": 0.0239, "ELI.BR": 0.022099999999999998, "AED.BR": 0.0209, "COFB.BR": 0.020499999999999997, "DIE.BR": 0.0204, "GLPG.BR": 0.0168, "PROX.BR": 0.0167, "COLR.BR": 0.011899999999999999, "VGP.BR": 0.0118, "MELE.BR": 0.0116, "TNET.BR": 0.01, "BEKB.BR": 0.0097, "KBCA.BR": 0.0097, "EURN.BR": 0.0089, "MONT.BR": 0.0084, "BAR.BR": 0.008100000000000001, "GIMB.BR": 0.0070999999999999995, "XIOR.BR": 0.006999999999999999, "CFEB.BR": 0.0068000000000000005, "FAGR.BR": 0.0063, "KIN.BR": 0.005699999999999999, "REC.BR": 0.0054, "BEFB.BR": 0.0054, "RET.BR": 0.0053, "BPOST.BR": 0.0046, "TESB.BR": 0.0045000000000000005, "INTO.BR": 0.0045000000000000005, "AGFB.BR": 0.0040999999999999995, "ECONB.BR": 0.0039000000000000003, "MITRA.BR": 0.0034000000000000002, "ONTEX.BR": 0.0033, "IMMO.BR": 0.0032, "IBAB.BR": 0.0029, "SHUR.BR": 0.0029, "OBEL.BR": 0.0028000000000000004, "VAN.BR": 0.0028000000000000004}}