{"ticker": "EWN", "country": "Netherlands", "portfolio": {"ASML.AS": 0.1962, "PRX.AS": 0.09759999999999999, "INGA.AS": 0.0724, "ADYEN.AS": 0.05, "AD.AS": 0.0466, "DSM.AS": 0.042300000000000004, "PHIA.AS": 0.0366, "WKL.AS": 0.0365, "HEIA.AS": 0.0346, "AKZA.AS": 0.028999999999999998, "ASM.AS": 0.0235, "NN.AS": 0.0235, "UMG.AS": 0.0208, "CCEP.AS": 0.0175, "KPN.AS": 0.0168, "AGN.AS": 0.015300000000000001, "IMCD.AS": 0.0152, "AER.AS": 0.013500000000000002, "TKWY.AS": 0.0131, "HEIO.AS": 0.0131, "RAND.AS": 0.0118, "ABN.AS": 0.0118, "LIGHT.AS": 0.0111, "ASRNL.AS": 0.010700000000000001, "BESI.AS": 0.0105, "AALB.AS": 0.0103, "ARCAD.AS": 0.0069, "OCI.AS": 0.0063, "BFIT.AS": 0.0060999999999999995, "INTER.AS": 0.005699999999999999, "TWEKA.AS": 0.0055000000000000005, "ACCEL.AS": 0.0055000000000000005, "PNL.AS": 0.0054, "SBMO.AS": 0.0052, "VPK.AS": 0.005, "JDEP.AS": 0.0049, "BOKA.AS": 0.0049, "CRBN.AS": 0.0049, "ECMPA.AS": 0.0044, "BAMNB.AS": 0.0042, "AMG.AS": 0.0040999999999999995, "FLOW.AS": 0.0039000000000000003, "ALFEN.AS": 0.0037, "NSI.AS": 0.0034000000000000002, "VLK.AS": 0.0033, "FUR.AS": 0.0032, "TOM2.AS": 0.003, "INPST.AS": 0.003, "SLIGR.AS": 0.0029, "PHARM.AS": 0.0027, "WHA.AS": 0.0025, "CMCOM.AS": 0.0015, "VASTN.AS": 0.0015, "BRNL.AS": 0.0012, "BSGR.AS": 0.0011, "FAST.AS": 0.001, "FFARM.AS": 0.0007000000000000001, "SIFG.AS": 0.0007000000000000001}}