{"ticker": "EWP", "country": "Spain", "portfolio": {"IBE.MC": 0.183, "SAN.MC": 0.1595, "BBVA.MC": 0.1134, "CABK.MC": 0.05, "TEF.MC": 0.049100000000000005, "REP.MC": 0.047599999999999996, "AMS.MC": 0.0433, "AENA.MC": 0.042800000000000005, "FER.MC": 0.042, "ITX.MC": 0.038, "CLNX.MC": 0.0356, "REE.MC": 0.0332, "ELE.MC": 0.031, "NTGY.MC": 0.0305, "ACS.MC": 0.0279, "GRF.MC": 0.023700000000000002, "SGRE.MC": 0.0235, "ENG.MC": 0.0227, "XTSLA.MC": 0.005600000000000001}}