{"ticker": "EWQ", "country": "France", "portfolio": {"MC.PA": 0.11560000000000001, "TTE.PA": 0.0726, "SAN.PA": 0.0608, "OR.PA": 0.0545, "SU.PA": 0.04650000000000001, "AI.PA": 0.041299999999999996, "BNP.PA": 0.0408, "AIR.PA": 0.0381, "CS.PA": 0.031200000000000002, "DG.PA": 0.03, "KER.PA": 0.028399999999999998, "EL.PA": 0.0276, "RMS.PA": 0.0241, "RI.PA": 0.022799999999999997, "SAF.PA": 0.021, "BN.PA": 0.0208, "CAP.PA": 0.0182, "SGO.PA": 0.0174, "DSY.PA": 0.0163, "STM.PA": 0.016200000000000003, "GLE.PA": 0.015300000000000001, "ML.PA": 0.0144, "ENGI.PA": 0.014199999999999999, "LR.PA": 0.0139, "VIE.PA": 0.0121, "ORA.PA": 0.012, "TEP.PA": 0.0113, "MT.PA": 0.0102, "ACA.PA": 0.009399999999999999, "PUB.PA": 0.0079, "ERF.PA": 0.0068000000000000005, "DIM.PA": 0.0062, "XTSLA.PA": 0.0062, "CA.PA": 0.0060999999999999995, "WLN.PA": 0.0058, "EDEN.PA": 0.0054, "ALO.PA": 0.0052, "VIV.PA": 0.0052, "HO.PA": 0.005, "URW.PA": 0.0048, "AKE.PA": 0.0046, "FGR.PA": 0.0044, "BVI.PA": 0.0043, "ENX.PA": 0.0042, "SW.PA": 0.0042, "EN.PA": 0.0040999999999999995, "RNO.PA": 0.0039000000000000003, "GET.PA": 0.0034999999999999996, "AC.PA": 0.0032, "FR.PA": 0.0032, "GFC.PA": 0.0032, "UBI.PA": 0.0027, "LI.PA": 0.0027, "EO.PA": 0.0026, "BIM.PA": 0.0025, "RCO.PA": 0.0024, "BOL.PA": 0.0024, "AMUN.PA": 0.0024, "SEV.PA": 0.0023, "EDF.PA": 0.0023, "CNP.PA": 0.0022, "COV.PA": 0.0022, "ADP.PA": 0.0021, "SK.PA": 0.0021, "FDJ.PA": 0.002, "IPN.PA": 0.0019, "RF.PA": 0.0016, "MF.PA": 0.0015, "AM.PA": 0.0015, "ORP.PA": 0.0012}}