{"ticker": "PGAL", "country": "Portugal", "portfolio": {"EDP.LS": 0.2278, "EDPR.LS": 0.1832, "GALP.LS": 0.054000000000000006, "JMT.LS": 0.053099999999999994, "RENE.LS": 0.0493, "NVG.LS": 0.0489, "SON.LS": 0.048799999999999996, "NOS.LS": 0.0472, "BCP.LS": 0.046900000000000004, "CTT.LS": 0.0447, "ALTR.LS": 0.0434, "COR.LS": 0.04019999999999999, "00656.LS": 0.0383, "SEM.LS": 0.0226, "GVOLT.LS": 0.0213, "EGL.LS": 0.013500000000000002, "IBS.LS": 0.009399999999999999, "NBA.LS": 0.0069, "PHR.LS": 0.0069, "SNC.LS": 0.0060999999999999995, "RAM.LS": 0.0054, "HTOO.LS": 0.0031}}